instance,start,end,response_time
6066,4243.445426450,4243.574885528,0.12945907799985434
6067,4243.545457801,4243.674890546,0.12943274499957624
6068,4243.645427303,4243.774871195,0.12944389199947182
6069,4243.745428920,4243.874863438,0.1294345179994707
6070,4243.845428176,4243.974865128,0.12943695200010552
6071,4243.945426543,4244.074865468,0.12943892499970389
6072,4244.045428802,4244.177121331,0.1316925290002473
6073,4244.145426436,4244.274865745,0.1294393090001904
6074,4244.245429446,4244.374877134,0.12944768799934536
6075,4244.345424925,4244.474895618,0.1294706930002576
6076,4244.445428508,4244.574877270,0.1294487619998108
6077,4244.545428018,4244.674896405,0.12946838700008811
6078,4244.645430932,4244.774885717,0.12945478500023455
6079,4244.745427459,4244.874888377,0.1294609180004045
6080,4244.845453877,4244.974876772,0.12942289500006154
6081,4244.945425193,4245.074876220,0.12945102699995914
6082,4245.045434681,4245.175273564,0.12983888300004764
6083,4245.145426543,4245.274864332,0.1294377889998941
6084,4245.245426230,4245.374865614,0.129439383999852
6085,4245.345425489,4245.474865011,0.1294395219993021
6086,4245.445430037,4245.574864755,0.1294347180000841
6087,4245.545430282,4245.674871538,0.12944125600006373
6088,4245.645428409,4245.774873426,0.12944501700076216
6089,4245.745427476,4245.874868552,0.12944107600014831
6090,4245.845424644,4245.974867920,0.1294432760005293
6091,4245.945425215,4246.074865695,0.1294404800000848
6092,4246.045428976,4246.175292719,0.12986374299998715
6093,4246.145430003,4246.274862589,0.1294325859998935
6094,4246.245425510,4246.374874245,0.1294487349996416
6095,4246.345459198,4246.474854050,0.12939485200058698
6096,4246.445428717,4246.574877142,0.1294484250001915
6097,4246.545425408,4246.674882395,0.12945698700059438
6098,4246.645431205,4246.774957282,0.1295260770002642
6099,4246.745427941,4246.874886584,0.12945864299945242
6100,4246.845426059,4246.974885442,0.12945938300072157
6101,4246.945423867,4247.074882299,0.1294584320003196
6102,4247.045428134,4247.175346552,0.129918417999761
6103,4247.145426268,4247.274864756,0.1294384880002326
6104,4247.245410625,4247.374866263,0.12945563799985393
6105,4247.345424864,4247.474882725,0.12945786099953693
6106,4247.445425185,4247.574887029,0.12946184399970662
6107,4247.545425029,4247.674881313,0.1294562839993887
6108,4247.645425393,4247.774868156,0.12944276300004276
6109,4247.745428646,4247.874876586,0.12944794000031834
6110,4247.845432008,4247.974881590,0.12944958200023393
6111,4247.945428349,4248.074888751,0.12946040199949493
6112,4248.045431065,4248.175411119,0.1299800540000433
6113,4248.145457177,4248.274866896,0.12940971900025033
6114,4248.245456013,4248.374866905,0.12941089200012357
6115,4248.345425713,4248.474864019,0.12943830600033834
6116,4248.445428006,4248.574878747,0.12945074100025522
6117,4248.545427548,4248.674863508,0.12943596000059188
6118,4248.645428054,4248.774869320,0.12944126599995798
6119,4248.745429052,4248.874877979,0.1294489270003396
6120,4248.845430332,4248.974875811,0.1294454789995143
6121,4248.945428216,4249.074879856,0.12945163999938814
6122,4249.045428132,4249.175376383,0.12994825100031449
6123,4249.145425450,4249.274870585,0.12944513499951427
6124,4249.245426079,4249.374875636,0.12944955700004357
6125,4249.345425811,4249.474860590,0.12943477900080325
6126,4249.445428939,4249.574898461,0.1294695220003632
6127,4249.545428395,4249.674876262,0.1294478669997261
6128,4249.645429749,4249.774868413,0.12943866400019033
6129,4249.745425809,4249.874897821,0.12947201199949632
6130,4249.845425840,4249.974887747,0.1294619070004046
6131,4249.945424874,4250.074898886,0.1294740119992639
6132,4250.045432409,4250.175516158,0.1300837490007325
6133,4250.145433122,4250.274882725,0.1294496029995571
6134,4250.245404484,4250.374870101,0.12946561700027814
6135,4250.345428058,4250.474868550,0.12944049199995789
6136,4250.445427657,4250.574877256,0.1294495989995994
6137,4250.545427841,4250.674893131,0.12946529000055307
6138,4250.645426235,4250.774905663,0.12947942800019518
6139,4250.745425911,4250.874863054,0.12943714300035936
6140,4250.845425778,4250.974868258,0.12944247999985237
6141,4250.945427889,4251.074883748,0.1294558589997905
6142,4251.045425056,4251.175377123,0.12995206699997652
6143,4251.145426114,4251.274879865,0.12945375100025558
6144,4251.245424822,4251.374897331,0.12947250900015206
6145,4251.345425265,4251.474875055,0.12944978999985324
6146,4251.445425863,4251.574877784,0.12945192099959968
6147,4251.545424644,4251.674883204,0.12945855999987543
6148,4251.645429742,4251.774894181,0.12946443900000304
6149,4251.745426100,4251.874884712,0.1294586119993255
6150,4251.845429375,4251.974894276,0.12946490099966468
6151,4251.945426461,4252.074884786,0.12945832500008692
6152,4252.045426443,4252.175368870,0.12994242700005998
6153,4252.145426539,4252.274868815,0.12944227600019076
6154,4252.245455933,4252.374866801,0.12941086800037738
6155,4252.345424475,4252.474863586,0.12943911099955585
6156,4252.445428899,4252.574861478,0.12943257899951277
6157,4252.545428223,4252.674862947,0.12943472400002065
6158,4252.645426806,4252.774879616,0.12945281000065734
6159,4252.745426690,4252.874863387,0.12943669699961902
6160,4252.845399051,4252.974865174,0.12946612300038396
6161,4252.945426417,4253.074868013,0.12944159600010607
6162,4253.045427294,4253.175329168,0.12990187400009745
6163,4253.145424992,4253.274885995,0.12946100299996033
6164,4253.245424690,4253.374875562,0.12945087200023409
6165,4253.345425736,4253.474864885,0.12943914900006348
6166,4253.445426572,4253.574862399,0.12943582700063416
6167,4253.545427267,4253.674867255,0.12943998799983092
6168,4253.645451312,4253.774867050,0.12941573799980688
6169,4253.745454794,4253.874882558,0.12942776399995637
6170,4253.845450503,4253.974863138,0.1294126349994258
6171,4253.945451027,4254.074866815,0.1294157880001876
6172,4254.045426116,4254.175406050,0.12997993399949337
6173,4254.145428356,4254.274860854,0.12943249799991463
6174,4254.245426430,4254.374866974,0.12944054399940796
6175,4254.345426575,4254.474878290,0.12945171499995922
6176,4254.445416688,4254.574866213,0.12944952500038198
6177,4254.545425791,4254.674879969,0.1294541780007421
6178,4254.645425826,4254.774890441,0.12946461499996076
6179,4254.745454404,4254.874879689,0.1294252850002522
6180,4254.845428489,4254.974842883,0.1294143939994683
6181,4254.945427585,4255.074883852,0.12945626700002322
6182,4255.045427660,4255.175213165,0.12978550499974517
6183,4255.145453186,4255.274980886,0.12952769999992597
6184,4255.245427164,4255.374881111,0.1294539470000018
6185,4255.345424602,4255.474857512,0.12943291000010504
6186,4255.445427115,4255.574880464,0.12945334899995942
6187,4255.545426961,4255.674881131,0.1294541699999172
6188,4255.645425991,4255.774872263,0.1294462720006777
6189,4255.745424131,4255.874870745,0.1294466140006989
6190,4255.845449434,4255.974866611,0.12941717699959554
6191,4255.945426181,4256.074861664,0.12943548300063412
6192,4256.045426434,4256.175252017,0.1298255830006383
6193,4256.145425926,4256.274874787,0.1294488610001281
6194,4256.245427045,4256.374887460,0.1294604149998122
6195,4256.345427223,4256.474884494,0.12945727100031945
6196,4256.445426867,4256.574867806,0.1294409390002329
6197,4256.545424400,4256.674883039,0.12945863899949472
6198,4256.645427740,4256.774914819,0.12948707899977308
6199,4256.745427728,4256.874904179,0.1294764509993911
6200,4256.845426391,4256.974868997,0.12944260600033886
6201,4256.945427533,4257.074867952,0.12944041900027514
6202,4257.045426535,4257.175283634,0.12985709900021902
6203,4257.145426336,4257.274878133,0.12945179700000153
6204,4257.245425965,4257.374870155,0.12944418999995833
6205,4257.345430046,4257.474864375,0.1294343290001052
6206,4257.445426251,4257.574865547,0.12943929599987314
6207,4257.545427509,4257.674875215,0.1294477060000645
6208,4257.645426253,4257.776392883,0.13096663000033004
6209,4257.745426465,4257.874888284,0.12946181900042575
6210,4257.845426440,4257.974868523,0.12944208299995807
6211,4257.945427115,4258.074869107,0.1294419920004657
6212,4258.045427876,4258.175331182,0.1299033060004149
6213,4258.145430664,4258.274871786,0.12944112200057134
6214,4258.245430359,4258.374862253,0.1294318939999357
6215,4258.345424482,4258.474866174,0.12944169200000033
6216,4258.445424388,4258.574868261,0.1294438730001275
6217,4258.545426584,4258.674860823,0.1294342390001475
6218,4258.645425651,4258.774870787,0.12944513599995844
6219,4258.745428405,4258.874863744,0.129435339000338
6220,4258.845425159,4258.974875347,0.1294501880001917
6221,4258.945425727,4259.074891456,0.1294657290000032
6222,4259.045426193,4259.175241526,0.12981533299989678
6223,4259.145426805,4259.274862780,0.1294359749999785
6224,4259.245424312,4259.374876220,0.1294519080001919
6225,4259.345425950,4259.474883616,0.1294576659993254
6226,4259.445424228,4259.574897512,0.12947328399968683
6227,4259.545427409,4259.674862382,0.1294349730005706
6228,4259.645426987,4259.774871905,0.1294449179995354
6229,4259.745427173,4259.874867304,0.12944013099968288
6230,4259.845426029,4259.974894233,0.12946820399974968
6231,4259.945425216,4260.074870804,0.12944558799972583
6232,4260.045426524,4260.175220696,0.1297941720004019
6233,4260.145427191,4260.274880360,0.129453169000044
6234,4260.245394628,4260.374882977,0.12948834899998474
6235,4260.345427963,4260.474881319,0.12945335600034014
6236,4260.445426560,4260.574869880,0.12944332000006398
6237,4260.545427828,4260.674887194,0.1294593659995371
6238,4260.645431536,4260.774889945,0.12945840900010808
6239,4260.745428205,4260.874893596,0.1294653909999397
6240,4260.845428843,4260.974879612,0.1294507689999591
6241,4260.945428401,4261.074863084,0.1294346829999995
6242,4261.045428643,4261.175720099,0.1302914559992132
6243,4261.145425711,4261.274881769,0.12945605799995974
6244,4261.245426325,4261.374879800,0.1294534749995364
6245,4261.345424004,4261.474869387,0.12944538299962005
6246,4261.445426267,4261.574867822,0.12944155500008492
6247,4261.545428109,4261.674869445,0.1294413360001272
6248,4261.645428636,4261.774892355,0.12946371899943188
6249,4261.745424921,4261.874895525,0.12947060399983457
6250,4261.845427062,4261.974864535,0.12943747299959796
6251,4261.945423682,4262.074870642,0.1294469599997683
6252,4262.045427525,4262.175198767,0.12977124200006074
6253,4262.145425349,4262.274869659,0.12944430999959877
6254,4262.245426063,4262.374876102,0.1294500389994937
6255,4262.345424731,4262.474869809,0.12944507799966232
6256,4262.445424792,4262.574885574,0.12946078200002376
6257,4262.545427249,4262.674908267,0.1294810180006607
6258,4262.645455287,4262.774889398,0.12943411099968216
6259,4262.745427584,4262.874874641,0.12944705700010672
6260,4262.845451536,4262.974864156,0.12941262000003917
6261,4262.945450641,4263.074884821,0.1294341799994072
6262,4263.045475188,4263.175302275,0.1298270870001943
6263,4263.145427943,4263.274897725,0.1294697820003421
6264,4263.245425358,4263.374867015,0.12944165699991572
6265,4263.345426369,4263.474885424,0.12945905499964283
6266,4263.445430257,4263.574874620,0.12944436299949302
6267,4263.545426247,4263.674882549,0.12945630200010783
6268,4263.645425381,4263.774874307,0.12944892599989544
6269,4263.745430524,4263.874883068,0.12945254399983241
6270,4263.845428104,4263.974879379,0.12945127500006492
6271,4263.945427981,4264.074889346,0.1294613650006795
6272,4264.045545973,4264.175559507,0.13001353399977233
6273,4264.145429858,4264.274883621,0.12945376300012867
6274,4264.245431719,4264.374866846,0.1294351269998515
6275,4264.345433896,4264.474872630,0.12943873400035955
6276,4264.445428363,4264.574882090,0.1294537269995999
6277,4264.545429068,4264.674870045,0.12944097699983104
6278,4264.645429733,4264.774882872,0.12945313899945177
6279,4264.745427202,4264.874869981,0.12944277899987355
6280,4264.845426491,4264.974880957,0.12945446600042487
6281,4264.945428206,4265.074867188,0.12943898200046533
6282,4265.045426907,4265.175322478,0.12989557100081583
6283,4265.145450354,4265.274877346,0.12942699199993513
6284,4265.245431713,4265.374866701,0.12943498800086672
6285,4265.345426295,4265.474875937,0.1294496420005089
6286,4265.445427691,4265.574891632,0.12946394099981262
6287,4265.545454046,4265.674878811,0.12942476500029443
6288,4265.645426004,4265.774888398,0.1294623940002566
6289,4265.745425692,4265.874881555,0.1294558629997482
6290,4265.845455110,4265.974896206,0.1294410959999368
6291,4265.945424737,4266.074865670,0.12944093299938686
6292,4266.045426495,4266.175315554,0.12988905899965175
6293,4266.145425259,4266.274893124,0.1294678650001515
6294,4266.245428459,4266.374869874,0.12944141499974648
6295,4266.345423613,4266.474848291,0.12942467799985025
6296,4266.445426784,4266.574860792,0.12943400800031668
6297,4266.545427959,4266.674873107,0.12944514799983153
6298,4266.645427823,4266.774865564,0.12943774099949223
6299,4266.745456104,4266.874861763,0.12940565899953071
6300,4266.845455989,4266.974864374,0.1294083850007155
6301,4266.945428140,4267.074863061,0.12943492099930154
6302,4267.045428746,4267.175222651,0.1297939050000423
6303,4267.145427442,4267.274881650,0.12945420799951535
6304,4267.245428230,4267.374876455,0.12944822500048758
6305,4267.345426105,4267.474873184,0.12944707899987407
6306,4267.445427024,4267.574865330,0.12943830599942885
6307,4267.545427738,4267.674872569,0.1294448310000007
6308,4267.645450754,4267.774879550,0.1294287959999565
6309,4267.745425494,4267.874885170,0.12945967599989672
6310,4267.845427508,4267.974880789,0.12945328099976905
6311,4267.945428007,4268.074863099,0.12943509199976688
6312,4268.045426822,4268.175212575,0.12978575299985096
6313,4268.145427325,4268.274877290,0.12944996500027628
6314,4268.245431502,4268.374861023,0.12942952100002003
6315,4268.345455727,4268.474866932,0.1294112049999967
6316,4268.445425752,4268.574860212,0.12943446000008407
6317,4268.545424910,4268.674862788,0.12943787799940765
6318,4268.645423979,4268.774876932,0.1294529529995998
6319,4268.745427071,4268.874878866,0.1294517949991132
6320,4268.845424179,4268.974884895,0.12946071600072173
6321,4268.945449685,4269.074865411,0.12941572599993378
6322,4269.045453704,4269.175205795,0.12975209100022767
6323,4269.145427286,4269.274858622,0.12943133599947032
6324,4269.245427311,4269.374857220,0.12942990900046425
6325,4269.345430130,4269.474880969,0.12945083900012833
6326,4269.445429270,4269.574877606,0.12944833599976846
6327,4269.545423983,4269.674879581,0.12945559800027695
6328,4269.645426404,4269.774862135,0.1294357309998304
6329,4269.745427243,4269.874887054,0.12945981099983328
6330,4269.845429709,4269.974881474,0.12945176499943045
6331,4269.945427448,4270.074875003,0.12944755499938765
6332,4270.045429305,4270.175409788,0.12998048300050868
6333,4270.145451727,4270.274880439,0.12942871199993533
6334,4270.245427687,4270.374873316,0.129445628999747
6335,4270.345426620,4270.474879883,0.1294532629999594
6336,4270.445432062,4270.574869966,0.12943790400004218
6337,4270.545425538,4270.674878586,0.12945304799995938
6338,4270.645427291,4270.774862735,0.12943544400059181
6339,4270.745421954,4270.874866248,0.12944429399976798
6340,4270.845426949,4270.974863610,0.12943666099999973
6341,4270.945426578,4271.074868980,0.12944240200067725
6342,4271.045425305,4271.175363996,0.1299386909995519
6343,4271.145425187,4271.274865817,0.12944063000031747
6344,4271.245469582,4271.374864945,0.12939536300018517
6345,4271.345453623,4271.474872387,0.12941876399963803
6346,4271.445426968,4271.574824443,0.1293974749996778
6347,4271.545428277,4271.674866358,0.12943808100044407
6348,4271.645426384,4271.774872987,0.12944660300036048
6349,4271.745425203,4271.874873453,0.12944824999976845
6350,4271.845428311,4271.974863482,0.12943517099938617
6351,4271.945428415,4272.074860940,0.12943252500008384
6352,4272.045426338,4272.175217464,0.12979112599987275
6353,4272.145426381,4272.274979703,0.12955332199999248
6354,4272.245427476,4272.374868705,0.12944122899989452
6355,4272.345428310,4272.474862906,0.1294345960004648
6356,4272.445428720,4272.574860633,0.12943191300018952
6357,4272.545427602,4272.674889969,0.1294623670000874
6358,4272.645425917,4272.774870802,0.12944488500033913
6359,4272.745424901,4272.874884413,0.1294595119998121
6360,4272.845427952,4272.974871954,0.1294440020001275
6361,4272.945428333,4273.074873149,0.12944481600061408
6362,4273.045430723,4273.175351028,0.12992030499935936
6363,4273.145426178,4273.274885439,0.12945926100019278
6364,4273.245426783,4273.374876441,0.1294496580003397
6365,4273.345427111,4273.474880794,0.12945368299915572
6366,4273.445427168,4273.574869393,0.12944222500027536
6367,4273.545450044,4273.674865355,0.12941531100022985
6368,4273.645426392,4273.774875953,0.12944956100000127
6369,4273.745452888,4273.874888040,0.12943515200004185
6370,4273.845427312,4273.974882493,0.12945518100059417
6371,4273.945425710,4274.074881070,0.1294553600000654
6372,4274.045427881,4274.175260788,0.1298329069995816
6373,4274.145427604,4274.274874940,0.12944733599942992
6374,4274.245428163,4274.374876157,0.12944799399974727
6375,4274.345427934,4274.474865033,0.12943709899991518
6376,4274.445428352,4274.574878537,0.12945018499976868
6377,4274.545449364,4274.674842591,0.12939322700003686
6378,4274.645426515,4274.774890707,0.12946419200034143
6379,4274.745426334,4274.874879881,0.12945354700059397
6380,4274.845428279,4274.974873307,0.1294450280001911
6381,4274.945425833,4275.074869067,0.12944323400006397
6382,4275.045427230,4275.175262291,0.12983506099953956
6383,4275.145426026,4275.274877246,0.12945122000019182
6384,4275.245426897,4275.374859661,0.12943276400073955
6385,4275.345429176,4275.474858989,0.1294298129996605
6386,4275.445428151,4275.574864710,0.12943655900016893
6387,4275.545426909,4275.674847083,0.12942017400018813
6388,4275.645425571,4275.774866784,0.12944121300006373
6389,4275.745454667,4275.874866117,0.12941145000058896
6390,4275.845427134,4275.974870072,0.1294429380004658
6391,4275.945425039,4276.074922417,0.12949737800045114
6392,4276.045452837,4276.175289565,0.12983672799964552
6393,4276.145425645,4276.274867276,0.12944163100019068
6394,4276.245426462,4276.374864289,0.12943782699949224
6395,4276.345428374,4276.474868161,0.12943978699968284
6396,4276.445428952,4276.574872930,0.12944397800038132
6397,4276.545428981,4276.674868322,0.129439340999852
6398,4276.645429674,4276.774868224,0.12943854999957694
6399,4276.745426664,4276.874872478,0.12944581400006427
6400,4276.845424969,4276.974871658,0.129446688999451
6401,4276.945429175,4277.074878588,0.12944941299974744
6402,4277.045426231,4277.175426659,0.13000042799922085
6403,4277.145451065,4277.274869253,0.1294181880002725
6404,4277.245428632,4277.374868229,0.12943959699987317
6405,4277.345427996,4277.474864599,0.1294366030006131
6406,4277.445430592,4277.574879996,0.12944940400029736
6407,4277.545450120,4277.674864552,0.12941443199997593
6408,4277.645425639,4277.774864012,0.12943837300008454
6409,4277.745423896,4277.874871942,0.12944804600010684
6410,4277.845426249,4277.974862367,0.12943611799983046
6411,4277.945424552,4278.074865687,0.1294411349999791
6412,4278.045424670,4278.175197614,0.1297729440002513
6413,4278.145459798,4278.274851817,0.12939201900007902
6414,4278.245426079,4278.374867271,0.12944119199983106
6415,4278.345425606,4278.474861454,0.12943584799995733
6416,4278.445426756,4278.574860063,0.12943330699999933
6417,4278.545426584,4278.674852089,0.1294255049997446
6418,4278.645428292,4278.774862817,0.12943452499985142
6419,4278.745380462,4278.874874535,0.1294940730003873
6420,4278.845396352,4278.974860360,0.1294640080004683
6421,4278.945423980,4279.074875310,0.12945132999993803
6422,4279.045450646,4279.175398090,0.12994744400020863
6423,4279.145424081,4279.274864896,0.12944081499972526
6424,4279.245423779,4279.374864451,0.1294406719998733
6425,4279.345426992,4279.474877682,0.12945068999943032
6426,4279.445429319,4279.574893572,0.12946425300015107
6427,4279.545426368,4279.674886890,0.12946052200004488
6428,4279.645457817,4279.774854606,0.12939678900056606
6429,4279.745449170,4279.874862533,0.12941336299991235
6430,4279.845426455,4279.974861894,0.12943543900018994
6431,4279.945424467,4280.074880123,0.12945565600057307
6432,4280.045425221,4280.175376381,0.12995116000001872
6433,4280.145424849,4280.274887747,0.12946289800038357
6434,4280.245424198,4280.374866927,0.12944272899949283
6435,4280.345429598,4280.474862383,0.12943278500006272
6436,4280.445428443,4280.574870455,0.12944201199934469
6437,4280.545456552,4280.674869229,0.12941267699989112
6438,4280.645425464,4280.774864803,0.12943933899987314
6439,4280.745426833,4280.874864256,0.12943742300012673
6440,4280.845423710,4280.974864227,0.12944051699923875
6441,4280.945467926,4281.074863649,0.129395723000016
6442,4281.045427147,4281.175298155,0.12987100800000917
6443,4281.145425843,4281.274871034,0.12944519099983154
6444,4281.245427047,4281.374860904,0.12943385700054932
6445,4281.345427329,4281.474867922,0.129440593000254
6446,4281.445424686,4281.574868993,0.12944430700008525
6447,4281.545427121,4281.674862062,0.12943494099999953
6448,4281.645428256,4281.774862781,0.12943452499985142
6449,4281.745427345,4281.874862701,0.12943535599970346
6450,4281.845426795,4281.974865106,0.12943831099983072
6451,4281.945426197,4282.074885870,0.1294596729994737
6452,4282.045427111,4282.175212476,0.12978536499940674
6453,4282.145425527,4282.274876933,0.1294514060000438
6454,4282.245429072,4282.374871174,0.1294421020002119
6455,4282.345425442,4282.474865120,0.12943967799947131
6456,4282.445431304,4282.574863120,0.1294318160007606
6457,4282.545423067,4282.674887995,0.1294649279998339
6458,4282.645425391,4282.774870083,0.12944469200010644
6459,4282.745427449,4282.874888166,0.1294607170002564
6460,4282.845449515,4282.974870175,0.12942066000050545
6461,4282.945423246,4283.074863909,0.12944066299951373
6462,4283.045427241,4283.175247049,0.12981980800032034
6463,4283.145425508,4283.274877925,0.12945241699981125
6464,4283.245452440,4283.374877771,0.12942533099976572
6465,4283.345455492,4283.474913319,0.1294578269998965
6466,4283.445425376,4283.574895539,0.1294701630004056
6467,4283.545424435,4283.674868996,0.12944456100012758
6468,4283.645432943,4283.774871142,0.12943819900010567
6469,4283.745431852,4283.874868250,0.12943639799959783
6470,4283.845426703,4283.974870623,0.1294439200000852
6471,4283.945425441,4284.074866426,0.12944098499974643
6472,4284.045426627,4284.175321598,0.12989497099988512
6473,4284.145428787,4284.274860960,0.1294321730001684
6474,4284.245426403,4284.374873321,0.12944691800021246
6475,4284.345425321,4284.474869719,0.12944439799957763
6476,4284.445425152,4284.574866471,0.12944131899985223
6477,4284.545423795,4284.674830328,0.12940653300029226
6478,4284.645424918,4284.774868693,0.1294437750002544
6479,4284.745431911,4284.874867318,0.12943540699961886
6480,4284.845426975,4284.974861018,0.1294340430004013
6481,4284.945423354,4285.074896568,0.1294732140004271
6482,4285.045452168,4285.175205783,0.12975361499957216
6483,4285.145425243,4285.274874115,0.129448871999557
6484,4285.245451141,4285.374866154,0.12941501300065283
6485,4285.345445262,4285.474874126,0.12942886400014686
6486,4285.445450328,4285.574898162,0.12944783399962034
6487,4285.545450037,4285.674878210,0.12942817300063325
6488,4285.645425188,4285.774863695,0.12943850699957693
6489,4285.745423639,4285.874887047,0.1294634079995376
6490,4285.845450297,4285.974863079,0.12941278200014494
6491,4285.945426741,4286.074902990,0.12947624899970833
6492,4286.045424311,4286.175261778,0.1298374670004705
6493,4286.145427100,4286.274863524,0.12943642399932287
6494,4286.245427589,4286.374862173,0.12943458399968222
6495,4286.345426138,4286.474866474,0.12944033599978866
6496,4286.445450956,4286.574878495,0.1294275390000621
6497,4286.545425558,4286.674902925,0.12947736700061796
6498,4286.645423866,4286.774875159,0.12945129299987457
6499,4286.745453702,4286.874871172,0.12941746999968018
6500,4286.845424097,4286.974876632,0.12945253499947285
6501,4286.945426319,4287.074882398,0.1294560790001924
6502,4287.045427236,4287.175409298,0.12998206199972628
6503,4287.145426476,4287.274870666,0.12944419000086782
6504,4287.245424090,4287.374867017,0.12944292700012738
6505,4287.345426559,4287.474871964,0.1294454050002969
6506,4287.445424599,4287.574867915,0.12944331600010628
6507,4287.545452560,4287.674871025,0.12941846500052634
6508,4287.645427095,4287.774865545,0.12943844999972498
6509,4287.745424534,4287.874867034,0.12944249999964086
6510,4287.845425791,4287.974870243,0.12944445199991605
6511,4287.945406574,4288.074884892,0.12947831800011045
6512,4288.045427677,4288.175369811,0.12994213399997534
6513,4288.145425546,4288.274863687,0.12943814099980955
6514,4288.245425533,4288.374862899,0.12943736599936528
6515,4288.345456098,4288.474875567,0.12941946899991308
6516,4288.445428208,4288.574878017,0.12944980900010705
6517,4288.545428445,4288.674864591,0.12943614600044384
6518,4288.645426122,4288.774876341,0.1294502190003186
6519,4288.745429974,4288.874864040,0.1294340659997033
6520,4288.845428127,4288.974872339,0.12944421200063516
6521,4288.945426212,4289.074880655,0.12945444300021336
6522,4289.045425115,4289.175317902,0.12989278699933493
6523,4289.145425434,4289.274876708,0.12945127400053025
6524,4289.245450739,4289.374872493,0.1294217539998499
6525,4289.345426887,4289.474864474,0.12943758700021135
6526,4289.445426717,4289.574877433,0.12945071600006486
6527,4289.545428363,4289.674869607,0.12944124400019064
6528,4289.645426647,4289.774865260,0.12943861300027493
6529,4289.745429622,4289.874871374,0.1294417519993658
6530,4289.845428264,4289.974868384,0.12944012000025396
6531,4289.945425195,4290.074872402,0.1294472070003394
6532,4290.045428827,4290.175408993,0.12998016599976836
6533,4290.145427878,4290.274866784,0.12943890599945007
6534,4290.245429014,4290.374876570,0.12944755599983182
6535,4290.345429903,4290.474885345,0.12945544200010772
6536,4290.445429966,4290.574867633,0.12943766700027481
6537,4290.545428210,4290.674865696,0.12943748599991522
6538,4290.645390069,4290.774874974,0.12948490500002663
6539,4290.745428578,4290.874870253,0.12944167499972536
6540,4290.845426506,4290.974902445,0.12947593900025822
6541,4290.945426857,4291.074879865,0.1294530080003824
6542,4291.045427595,4291.175338820,0.12991122500079655
6543,4291.145457764,4291.274879766,0.12942200199995568
6544,4291.245430498,4291.374878253,0.12944775500000105
6545,4291.345427359,4291.474876175,0.12944881600014924
6546,4291.445428480,4291.574890585,0.12946210499922017
6547,4291.545427058,4291.674875744,0.12944868599970505
6548,4291.645429118,4291.774877098,0.12944797999989532
6549,4291.745424980,4291.874866277,0.1294412970000849
6550,4291.845426517,4291.974865861,0.12943934399936552
6551,4291.945424380,4292.074921911,0.12949753100019734
6552,4292.045426564,4292.175282945,0.1298563809996267
6553,4292.145424639,4292.274872456,0.12944781699934538
6554,4292.245424470,4292.374863370,0.12943889999951352
6555,4292.345427776,4292.474860867,0.12943309099955513
6556,4292.445433246,4292.574888971,0.12945572500029812
6557,4292.545426585,4292.674865012,0.12943842699951347
6558,4292.645426793,4292.774859185,0.12943239200012613
6559,4292.745425862,4292.874865845,0.12943998300033854
6560,4292.845426956,4292.974862527,0.12943557100061298
6561,4292.945450568,4293.074869696,0.12941912800033606
6562,4293.045427950,4293.175329572,0.12990162200003397
6563,4293.145429206,4293.374859327,0.22943012100040505
6565,4293.345427687,4293.474861271,0.12943358400025318
6566,4293.445400421,4293.574874208,0.12947378700027912
6567,4293.545459026,4293.674871870,0.12941284400039876
6568,4293.645427234,4293.774875621,0.12944838700059336
6569,4293.745426269,4293.874888605,0.1294623359999605
6570,4293.845428547,4293.974883043,0.1294544960001076
6571,4293.945426150,4294.074866096,0.12943994600027509
6572,4294.045427607,4294.175183145,0.1297555379996993
6573,4294.145427043,4294.274889564,0.12946252099936828
6574,4294.245425771,4294.374888197,0.1294624259999182
6575,4294.345425627,4294.474876498,0.1294508710006994
6576,4294.445433685,4294.574867141,0.12943345599978784
6577,4294.545425819,4294.674858843,0.12943302399980894
6578,4294.645427861,4294.774892698,0.1294648370003415
6579,4294.745377208,4294.874859120,0.12948191200030124
6580,4294.845426023,4294.974860928,0.12943490500038024
6581,4294.945457710,4295.074866043,0.12940833300035592
6582,4295.045431262,4295.175348446,0.12991718399916863
6583,4295.145425809,4295.274878079,0.1294522700000016
6584,4295.245425489,4295.374890818,0.12946532899968588
6585,4295.345425783,4295.474863191,0.1294374079998306
6586,4295.445426502,4295.574868973,0.1294424709994928
6587,4295.545426679,4295.674875838,0.1294491589997051
6588,4295.645425281,4295.774878409,0.12945312800002284
6589,4295.745451851,4295.874866008,0.12941415699970094
6590,4295.845430440,4295.974865210,0.12943476999953418
6591,4295.945427705,4296.074870385,0.12944268000046577
6592,4296.045428935,4296.175410429,0.12998149400027614
6593,4296.145426277,4296.274862332,0.12943605500004196
6594,4296.245428485,4296.374866109,0.1294376240002748
6595,4296.345426999,4296.474877743,0.12945074400067824
6596,4296.445430908,4296.574863350,0.12943244199959736
6597,4296.545428195,4296.674863199,0.12943500400069752
6598,4296.645428923,4296.774866425,0.1294375020006555
6599,4296.745426758,4296.874865506,0.1294387480002115
6600,4296.845431642,4296.974893445,0.12946180299968546
6601,4296.945425773,4297.074870813,0.12944504000006418
6602,4297.045426510,4297.175358701,0.1299321910000799
6603,4297.145426377,4297.274873412,0.1294470349994299
6604,4297.245426261,4297.374862289,0.12943602799987275
6605,4297.345424988,4297.474863866,0.12943887800065568
6606,4297.445457523,4297.574870229,0.12941270600003918
6607,4297.545442319,4297.674866113,0.12942379399919446
6608,4297.645426883,4297.774867273,0.12944039000012708
6609,4297.745426575,4297.874866751,0.12944017599966173
6610,4297.845425354,4297.974866205,0.12944085099934455
6611,4297.945412965,4298.074865919,0.12945295400004397
6612,4298.045425357,4298.175227773,0.12980241600052977
6613,4298.145426263,4298.274897379,0.12947111599987693
6614,4298.245426581,4298.374861495,0.12943491399983031
6615,4298.345411898,4298.474862173,0.1294502749997264
6616,4298.445425360,4298.574865067,0.12943970700052887
6617,4298.545426135,4298.674885356,0.1294592210006158
6618,4298.645425842,4298.774872998,0.129447156000424
6619,4298.745428011,4298.874869480,0.1294414690000849
6620,4298.845429059,4298.974867646,0.1294385870005499
6621,4298.945425038,4299.074885918,0.12946087999989686
6622,4299.045428184,4299.175222787,0.12979460299993661
6623,4299.145425416,4299.274867298,0.12944188199981
6624,4299.245424883,4299.374880843,0.12945596000008663
6625,4299.345449862,4299.474888336,0.12943847399947117
6626,4299.445428443,4299.574865064,0.12943662099951325
6627,4299.545426344,4299.674865949,0.12943960500069807
6628,4299.645430811,4299.774886570,0.12945575899993855
6629,4299.745427141,4299.874862000,0.12943485899995721
6630,4299.845424444,4299.974898828,0.12947438399987732
6631,4299.945440651,4300.074862865,0.1294222139995327
6632,4300.045426083,4300.175224255,0.12979817199993704
6633,4300.145425641,4300.274874438,0.12944879699989542
6634,4300.245425639,4300.374873791,0.12944815199989534
6635,4300.345425269,4300.474874839,0.12944957000036084
6636,4300.445426756,4300.574869511,0.12944275499921787
6637,4300.545425556,4300.674895570,0.12947001400061708
6638,4300.645449503,4300.774876948,0.1294274450001467
6639,4300.745428653,4300.874878021,0.12944936799976858
6640,4300.845424247,4300.974875661,0.1294514139999592
6641,4300.945446978,4301.074863311,0.12941633299942623
6642,4301.045429585,4301.175254540,0.12982495500000368
6643,4301.145426136,4301.274875157,0.12944902099934552
6644,4301.245432646,4301.374882595,0.129449948999536
6645,4301.345431481,4301.474874894,0.1294434130004447
6646,4301.445426002,4301.574892735,0.12946673299938993
6647,4301.545426296,4301.674868989,0.12944269299987354
6648,4301.645425943,4301.774866475,0.12944053199953487
6649,4301.745406053,4301.874877597,0.12947154399989813
6650,4301.845472349,4301.974898391,0.12942604199997731
6651,4301.945425930,4302.074866927,0.12944099699961953
6652,4302.045425919,4302.175441859,0.13001593999979377
6653,4302.145425422,4302.274866291,0.12944086900006369
6654,4302.245441544,4302.374883675,0.12944213100035995
6655,4302.345428935,4302.474870216,0.1294412810002541
6656,4302.445426987,4302.574877565,0.12945057799970527
6657,4302.545427733,4302.674882335,0.1294546019998961
6658,4302.645428057,4302.774867455,0.12943939800061344
6659,4302.745425571,4302.874862731,0.12943715999972483
6660,4302.845425318,4302.974870916,0.12944559800052957
6661,4302.945427017,4303.074877272,0.1294502549999379
6662,4303.045425875,4303.175237066,0.12981119100004435
6663,4303.145379221,4303.274862667,0.12948344599953998
6664,4303.245454158,4303.374881628,0.12942747000033705
6665,4303.345427266,4303.474874067,0.12944680100008554
6666,4303.445429683,4303.574898995,0.12946931199985556
6667,4303.545425276,4303.674865485,0.1294402089997675
6668,4303.645455546,4303.774873005,0.12941745899934176
6669,4303.745426892,4303.874874880,0.12944798799981072
6670,4303.845451884,4303.974890867,0.129438983
6671,4303.945425477,4304.074876010,0.12945053299972642
6672,4304.045463563,4304.175293067,0.12982950399964466
6673,4304.145425122,4304.274900062,0.12947493999945436
6674,4304.245427888,4304.374834975,0.12940708699989045
6675,4304.345432099,4304.474869929,0.12943782999991527
6676,4304.445427273,4304.574886484,0.12945921099981206
6677,4304.545427927,4304.674868419,0.12944049199995789
6678,4304.645427838,4304.774899096,0.1294712580001942
6679,4304.745428400,4304.874877749,0.12944934900042426
6680,4304.845432587,4304.974862879,0.1294302920005066
6681,4304.945428532,4305.074892987,0.12946445499983383
6682,4305.045428700,4305.175336394,0.12990769399948476
6683,4305.145428808,4305.274892990,0.1294641819995377
6684,4305.245430883,4305.374873988,0.12944310500006395
6685,4305.345428597,4305.474878945,0.12945034799940913
6686,4305.445426669,4305.574885020,0.12945835099981196
6687,4305.545432317,4305.674872933,0.12944061600046552
6688,4305.645428855,4305.774865335,0.12943647999964014
6689,4305.745428020,4305.874861588,0.12943356800042238
6690,4305.845430147,4305.974881905,0.12945175799995923
6691,4305.945426642,4306.074860154,0.1294335120001051
6692,4306.045427315,4306.175209486,0.12978217100044276
6693,4306.145426836,4306.274868590,0.12944175399934466
6694,4306.245424393,4306.374870344,0.1294459509999797
6695,4306.345423899,4306.474872671,0.12944877200061455
6696,4306.445426884,4306.574870503,0.12944361900008516
6697,4306.545431000,4306.674877004,0.12944600400078343
6698,4306.645428339,4306.774860643,0.12943230399923777
6699,4306.745426218,4306.874867473,0.12944125500052905
6700,4306.845426355,4306.974867029,0.12944067399985215
6701,4306.945424885,4307.074864602,0.12943971700042312
6702,4307.045425047,4307.175295922,0.12987087500005146
6703,4307.145427681,4307.274881068,0.12945338699955755
6704,4307.245424924,4307.374881690,0.1294567659997483
6705,4307.345418301,4307.474875835,0.12945753399981186
6706,4307.445440835,4307.574874126,0.12943329100016854
6707,4307.545427097,4307.674864295,0.12943719799932296
6708,4307.645426194,4307.774868223,0.12944202900052915
6709,4307.745425153,4307.874875641,0.12945048799974757
6710,4307.845449781,4307.974863838,0.12941405699984898
6711,4307.945425159,4308.074873391,0.1294482320008683
6712,4308.045451491,4308.175314526,0.12986303500019858
6713,4308.145426307,4308.274870829,0.12944452200008527
6714,4308.245425610,4308.374882227,0.1294566169999598
6715,4308.345429175,4308.474866947,0.12943777199961914
6716,4308.445427964,4308.574868779,0.12944081499972526
6717,4308.545424383,4308.674865735,0.129441351999958
6718,4308.645426171,4308.774876531,0.12945036000019172
6719,4308.745424280,4308.874872623,0.12944834299923969
6720,4308.845425471,4308.974858529,0.12943305799944937
6721,4308.945425066,4309.074871378,0.1294463120002547
6722,4309.045450154,4309.175243367,0.1297932130000845
6723,4309.145426555,4309.274864925,0.12943836999966152
6724,4309.245426037,4309.374866241,0.12944020400027512
6725,4309.345425693,4309.474877395,0.12945170199964195
6726,4309.445425040,4309.574864053,0.12943901299968275
6727,4309.545452378,4309.674877577,0.12942519900025218
6728,4309.645449260,4309.774861081,0.1294118210007582
6729,4309.745423113,4309.874836853,0.12941374000001815
6730,4309.845424213,4309.974879979,0.12945576600031927
6731,4309.945425595,4310.074893949,0.12946835399998236
6732,4310.045425716,4310.175219756,0.12979403999997885
6733,4310.145423878,4310.274870322,0.12944644400067773
6734,4310.245424605,4310.374868438,0.12944383299964102
6735,4310.345423716,4310.474864754,0.12944103799964068
6736,4310.445424241,4310.574865951,0.12944170999980997
6737,4310.545448015,4310.674870855,0.12942284000018844
6738,4310.645432150,4310.774865314,0.12943316400014737
6739,4310.745425132,4310.874874972,0.12944984000023396
6740,4310.845427783,4310.974878771,0.12945098799991683
6741,4310.945425269,4311.274857739,0.32943247000002884
